datetime,open,high,low,close,volume
2020-01-02,74.06000,75.15000,73.79750,75.08750,135480400
2020-01-03,74.28750,75.14500,74.12500,74.35750,146322800
2020-01-06,73.44750,74.99000,73.18750,74.95000,118387200
2020-01-07,74.96000,75.22500,74.37000,74.59750,108872000
2020-01-08,74.29000,76.11000,74.29000,75.79750,132079200
2020-01-09,76.81000,77.60750,76.55000,77.40750,170108400
2020-01-10,77.65000,78.16750,77.06250,77.58250,140644800
2020-01-13,77.91000,79.26750,77.78750,79.24000,121532000
2020-01-14,79.17500,79.39250,78.04250,78.17000,161954400
2020-01-15,77.96250,78.87500,77.38750,77.83500,121923600
2020-01-16,78.39750,78.92500,78.02250,78.81000,108829200
2020-01-17,79.06750,79.68500,78.75000,79.68250,137816400
2020-01-21,79.29750,79.75500,79.00000,79.14250,110843200
2020-01-22,79.64500,79.99750,79.32750,79.42500,101832400
2020-01-23,79.48000,79.89000,78.91250,79.80750,104472000
2020-01-24,80.06250,80.83250,79.38000,79.57750,146537600
2020-01-27,77.51500,77.94250,76.22000,77.23750,161940000
2020-01-28,78.15000,79.60000,78.04750,79.42250,162234000
2020-01-29,81.11250,81.96250,80.34500,81.08500,216229200
2020-01-30,80.13500,81.02250,79.68750,80.96750,126743200
2020-01-31,80.23250,80.67000,77.07250,77.37750,199588400
2020-02-03,76.07500,78.37250,75.55500,77.16500,173788400
2020-02-04,78.82750,79.91000,78.40750,79.71250,136616400
2020-02-05,80.88000,81.19000,79.73750,80.36250,118826800
2020-02-06,80.64250,81.30500,80.06500,81.30250,105425600
2020-02-07,80.59250,80.85000,79.50000,80.00750,117684000
2020-02-10,78.54500,80.38750,78.46250,80.38750,109348800
2020-02-11,80.90000,80.97500,79.67750,79.90250,94323200
2020-02-12,80.36750,81.80500,80.36750,81.80000,113730400
2020-02-13,81.04750,81.55500,80.83750,81.21750,94747600
2020-02-14,81.18500,81.49500,80.71250,81.23750,80113600
2020-02-18,78.84000,79.93750,78.65250,79.75000,152531200
2020-02-19,80.00000,81.14250,80.00000,80.90500,93984000
2020-02-20,80.65750,81.16250,79.55250,80.07500,100566000
2020-02-21,79.65500,80.11250,77.62500,78.26250,129554000
2020-02-24,74.31500,76.04500,72.30750,74.54500,222195200
2020-02-25,75.23750,75.63250,71.53250,72.02000,230673600
2020-02-26,71.63250,74.47000,71.62500,73.16250,198054800
2020-02-27,70.27500,71.50000,68.24000,68.38000,320605600
2020-02-28,64.31500,69.60250,64.09250,68.34000,426510000
2020-03-02,70.57000,75.36000,69.43000,74.70250,341397200
2020-03-03,75.91750,76.00000,71.45000,72.33000,319475600
2020-03-04,74.11000,75.85000,73.28250,75.68500,219178400
2020-03-05,73.88000,74.88750,72.85250,73.23000,187572800
2020-03-06,70.50000,72.70500,70.30750,72.25750,226176800
2020-03-09,65.93750,69.52250,65.75000,66.54250,286744800
2020-03-10,69.28500,71.61000,67.34250,71.33500,285290000
2020-03-11,69.34750,70.30500,67.96500,68.85750,255598800
2020-03-12,63.98500,67.50000,62.00000,62.05750,418474000
2020-03-13,66.22250,69.98000,63.23750,69.49250,370732000
2020-03-16,60.48750,64.77000,60.00000,60.55250,322423600
2020-03-17,61.87750,64.40250,59.60000,63.21500,324056000
2020-03-18,59.94250,62.50000,59.28000,61.66750,300233600
2020-03-19,61.84750,63.21000,60.65250,61.19500,271857200
2020-03-20,61.79500,62.95750,57.00000,57.31000,401693200
2020-03-23,57.02000,57.12500,53.15250,56.09250,336752800
2020-03-24,59.09000,61.92250,58.57500,61.72000,287531200
2020-03-25,62.68750,64.56250,61.07500,61.38000,303602000
2020-03-26,61.63000,64.67000,61.59000,64.61000,252087200
2020-03-27,63.18750,63.96750,61.76250,61.93500,204216800
2020-03-30,62.68500,63.88000,62.35000,63.70250,167976400
2020-03-31,63.90000,65.62250,63.00000,63.57250,197002000
2020-04-01,61.62500,62.18000,59.78250,60.22750,176218400
2020-04-02,60.08500,61.28750,59.22500,61.23250,165934000
2020-04-03,60.70000,61.42500,59.74250,60.35250,129880000
2020-04-06,62.72500,65.77750,62.34500,65.61750,201820400
2020-04-07,67.70000,67.92500,64.75000,64.85750,202887200
2020-04-08,65.68500,66.84250,65.30750,66.51750,168895200
2020-04-09,67.17500,67.51750,66.17500,66.99750,161834800
2020-04-13,67.07750,68.42500,66.45750,68.31250,131022800
2020-04-14,70.00000,72.06250,69.51250,71.76250,194994800
2020-04-15,70.60000,71.58250,70.15750,71.10750,131154400
2020-04-16,71.84500,72.05000,70.58750,71.67250,157125200
2020-04-17,71.17250,71.73750,69.21500,70.70000,215250000
2020-04-20,69.48750,70.42000,69.21250,69.23250,130015200
2020-04-21,69.07000,69.31250,66.35750,67.09250,180991600
2020-04-22,68.40250,69.47500,68.05000,69.02500,116862400
2020-04-23,68.96750,70.43750,68.71750,68.75750,124814400
2020-04-24,69.30000,70.75250,69.25000,70.74250,126161200
2020-04-27,70.45000,71.13500,69.98750,70.79250,117087600
2020-04-28,71.27000,71.45750,69.55000,69.64500,112004800
2020-04-29,71.18250,72.41750,70.97250,71.93250,137280800
2020-04-30,72.49000,73.63250,72.08750,73.45000,183064000
2020-05-01,71.56250,74.75000,71.46250,72.26750,240616800
2020-05-04,72.29250,73.42250,71.58000,73.29000,133568000
2020-05-05,73.76500,75.25000,73.61500,74.39000,147751200
2020-05-06,75.11500,75.81000,74.71750,75.15750,142333600
2020-05-07,75.80500,76.29250,75.49250,75.93500,115215200
2020-05-08,76.41000,77.58750,76.07250,77.53250,133838400
2020-05-11,77.02500,79.26250,76.81000,78.75250,145946400
2020-05-12,79.45750,79.92250,77.72750,77.85250,162301200
2020-05-13,78.03750,78.98750,75.80250,76.91250,200622400
2020-05-14,76.12750,77.44750,75.38250,77.38500,158929200
2020-05-15,75.08750,76.97500,75.05250,76.92750,166348400
2020-05-18,78.29250,79.12500,77.58000,78.74000,135178400
2020-05-19,78.75750,79.63000,78.25250,78.28500,101729600
2020-05-20,79.17000,79.88000,79.13000,79.80750,111504800
2020-05-21,79.66500,80.22250,78.96750,79.21250,102688800
2020-05-22,78.94250,79.80750,78.83750,79.72250,81803200
2020-05-26,80.87500,81.06000,79.12500,79.18250,125522000
2020-05-27,79.03500,79.67750,78.27250,79.52750,112945200
2020-05-28,79.19250,80.86000,78.90750,79.56250,133560800
2020-05-29,79.81250,80.28750,79.11750,79.48500,153532400
2020-06-01,79.43750,80.58750,79.30250,80.46250,80791200
2020-06-02,80.18750,80.86000,79.73250,80.83500,87642800
2020-06-03,81.16500,81.55000,80.57500,81.28000,104491200
2020-06-04,81.09750,81.40500,80.19500,80.58000,87560400
2020-06-05,80.83750,82.93750,80.80750,82.87500,137250400
2020-06-08,82.56250,83.40000,81.83000,83.36500,95654400
2020-06-09,83.03500,86.40250,83.00250,85.99750,147712400
2020-06-10,86.97500,88.69250,86.52250,88.21000,166651600
2020-06-11,87.32750,87.76500,83.87000,83.97500,201662400
2020-06-12,86.18000,86.95000,83.55500,84.70000,200146000
2020-06-15,83.31250,86.42000,83.14500,85.74750,138808800
2020-06-16,87.86500,88.30000,86.18000,88.02000,165428800
2020-06-17,88.78750,88.85000,87.77250,87.89750,114406400
2020-06-18,87.85250,88.36250,87.30500,87.93250,96820400
2020-06-19,88.66000,89.14000,86.28750,87.43000,264476000
2020-06-22,87.83500,89.86500,87.78750,89.71750,135445200
2020-06-23,91.00000,93.09500,90.56750,91.63250,212155600
2020-06-24,91.25000,92.19750,89.63000,90.01500,192623200
2020-06-25,90.17500,91.25000,89.39250,91.21000,137522400
2020-06-26,91.10250,91.33000,88.25500,88.40750,205256800
2020-06-29,88.31250,90.54250,87.82000,90.44500,130646000
2020-06-30,90.02000,91.49500,90.00000,91.20000,140223200
2020-07-01,91.28000,91.84000,90.97750,91.02750,110737200
2020-07-02,91.96250,92.61750,90.91000,91.02750,114041600
2020-07-06,92.50000,93.94500,92.46750,93.46250,118655600
2020-07-07,93.85250,94.65500,93.05750,93.17250,112424400
2020-07-08,94.18000,95.37500,94.09000,95.34250,117092000
2020-07-09,96.26250,96.31750,94.67250,95.75250,125642800
2020-07-10,95.33500,95.98000,94.70500,95.92000,90257200
2020-07-13,97.26500,99.95500,95.25750,95.47750,191649200
2020-07-14,94.84000,97.25500,93.87750,97.05750,170989200
2020-07-15,98.99000,99.24750,96.49000,97.72500,153198000
2020-07-16,96.56250,97.40500,95.90500,96.52250,110577600
2020-07-17,96.98750,97.14750,95.84000,96.32750,92186800
2020-07-20,96.41750,98.50000,96.06250,98.35750,90318000
2020-07-21,99.17250,99.25000,96.74250,97.00000,103433200
2020-07-22,96.69250,97.97500,96.60250,97.27250,89001600
2020-07-23,96.99750,97.07750,92.01000,92.84500,197004400
2020-07-24,90.98750,92.97000,89.14500,92.61500,185438800
2020-07-27,93.71000,94.90500,93.48000,94.81000,121214000
2020-07-28,94.36750,94.55000,93.24750,93.25250,103625600
2020-07-29,93.75000,95.23000,93.71250,95.04000,90329200
2020-07-30,94.18750,96.29750,93.76750,96.19000,158130000
2020-07-31,102.88500,106.41500,100.82500,106.26000,374336800
2020-08-03,108.20000,111.63750,107.89250,108.93750,308151200
2020-08-04,109.13250,110.79000,108.38750,109.66500,173071600
2020-08-05,109.37750,110.39250,108.89750,110.06250,121776800
2020-08-06,110.40500,114.41250,109.79750,113.90250,202428800
2020-08-07,113.20500,113.67500,110.29250,111.11250,198045600
2020-08-10,112.60000,113.77500,110.00000,112.72750,212403600
2020-08-11,111.97000,112.48250,109.10750,109.37500,187902400
2020-08-12,110.49750,113.27500,110.29750,113.01000,165598000
2020-08-13,114.43000,116.04250,113.92750,115.01000,210082000
2020-08-14,114.83000,115.00000,113.04500,114.90750,165565200
2020-08-17,116.06250,116.08750,113.96250,114.60750,119561600
2020-08-18,114.35250,116.00000,114.00750,115.56250,105633600
2020-08-19,115.98250,117.16250,115.61000,115.70750,145538000
2020-08-20,115.75000,118.39250,115.73250,118.27500,126907200
2020-08-21,119.26250,124.86750,119.25000,124.37000,338054800
2020-08-24,128.69749,128.78500,123.93750,125.85750,345937600
2020-08-25,124.69750,125.18000,123.05250,124.82500,211495600
2020-08-26,126.18000,126.99250,125.08250,126.52250,163022400
2020-08-27,127.14250,127.48500,123.83250,125.01000,155552400
2020-08-28,126.01250,126.44250,124.57750,124.80750,187630000
2020-08-31,127.58000,131.00000,126.00000,129.03999,225702700
2020-09-01,132.75999,134.80000,130.53000,134.17999,151948100
2020-09-02,137.59000,137.98000,127.00000,131.39999,200119000
2020-09-03,126.91000,128.84000,120.50000,120.88000,257599600
2020-09-04,120.07000,123.70000,110.89000,120.96000,332607200
2020-09-08,113.95000,118.99000,112.68000,112.82000,231366600
2020-09-09,117.26000,119.14000,115.26000,117.32000,176940500
2020-09-10,120.36000,120.50000,112.50000,113.49000,182274400
2020-09-11,114.57000,115.23000,110.00000,112.00000,180860300
2020-09-14,114.72000,115.93000,112.80000,115.36000,140150100
2020-09-15,118.33000,118.83000,113.61000,115.54000,184642000
2020-09-16,115.23000,116.00000,112.04000,112.13000,154679000
2020-09-17,109.72000,112.20000,108.71000,110.34000,178011000
2020-09-18,110.40000,110.88000,106.09000,106.84000,287104900
2020-09-21,104.54000,110.19000,103.10000,110.08000,195713800
2020-09-22,112.68000,112.86000,109.16000,111.81000,183055400
2020-09-23,111.62000,112.11000,106.77000,107.12000,150718700
2020-09-24,105.17000,110.25000,105.00000,108.22000,167743300
2020-09-25,108.43000,112.44000,107.67000,112.28000,149981400
2020-09-28,115.01000,115.32000,112.78000,114.96000,137672400
2020-09-29,114.55000,115.31000,113.57000,114.09000,99382200
2020-09-30,113.79000,117.26000,113.62000,115.81000,142675200
2020-10-01,117.64000,117.72000,115.83000,116.79000,116120400
2020-10-02,112.89000,115.37000,112.22000,113.02000,144712000
2020-10-05,113.91000,116.65000,113.55000,116.50000,106243800
2020-10-06,115.70000,116.12000,112.25000,113.16000,161498200
2020-10-07,114.62000,115.55000,114.13000,115.08000,96849000
2020-10-08,116.25000,116.40000,114.59000,114.97000,83477200
2020-10-09,115.28000,117.00000,114.92000,116.97000,100506900
2020-10-12,120.06000,125.18000,119.28000,124.40000,240226800
2020-10-13,125.27000,125.39000,119.65000,121.10000,262330500
2020-10-14,121.00000,123.03000,119.62000,121.19000,150712000
2020-10-15,118.72000,121.20000,118.15000,120.71000,112559200
2020-10-16,121.28000,121.55000,118.81000,119.02000,115393800
2020-10-19,119.96000,120.42000,115.66000,115.98000,120639300
2020-10-20,116.20000,118.98000,115.63000,117.51000,124423700
2020-10-21,116.67000,118.71000,116.45000,116.87000,89946000
2020-10-22,117.45000,118.04000,114.59000,115.75000,101988000
2020-10-23,116.39000,116.55000,114.28000,115.04000,82572600
2020-10-26,114.01000,116.55000,112.88000,115.05000,111850700
2020-10-27,115.49000,117.28000,114.54000,116.60000,92276800
2020-10-28,115.05000,115.43000,111.10000,111.20000,143937800
2020-10-29,112.37000,116.93000,112.20000,115.32000,146129200
2020-10-30,111.06000,111.99000,107.72000,108.86000,190272600
2020-11-02,109.11000,110.68000,107.32000,108.77000,122866900
2020-11-03,109.66000,111.49000,108.73000,110.44000,107624400
2020-11-04,114.14000,115.59000,112.35000,114.95000,138235500
2020-11-05,117.95000,119.62000,116.87000,119.03000,126387100
2020-11-06,118.32000,119.20000,116.13000,118.69000,114457900
2020-11-09,120.50000,121.99000,116.05000,116.32000,154515300
2020-11-10,115.55000,117.59000,114.13000,115.97000,138023400
2020-11-11,117.19000,119.63000,116.44000,119.49000,112295000
2020-11-12,119.62000,120.53000,118.57000,119.21000,103162300
2020-11-13,119.44000,119.67000,117.87000,119.26000,81581900
2020-11-16,118.92000,120.99000,118.15000,120.30000,91183000
2020-11-17,119.55000,120.67000,118.96000,119.39000,74271000
2020-11-18,118.61000,119.82000,118.00000,118.03000,76322100
2020-11-19,117.59000,119.06000,116.81000,118.64000,74113000
2020-11-20,118.64000,118.77000,117.29000,117.34000,73604300
2020-11-23,117.18000,117.62000,113.75000,113.85000,127959300
2020-11-24,113.91000,115.85000,112.59000,115.17000,113874200
2020-11-25,115.55000,116.75000,115.17000,116.03000,76499200
2020-11-27,116.57000,117.49000,116.22000,116.59000,46691300
2020-11-30,116.97000,120.97000,116.81000,119.05000,169410200
2020-12-01,121.01000,123.47000,120.01000,122.72000,127728200
2020-12-02,122.02000,123.37000,120.89000,123.08000,89004200
2020-12-03,123.52000,123.78000,122.21000,122.94000,78967600
2020-12-04,122.60000,122.86000,121.52000,122.25000,78260400
2020-12-07,122.31000,124.57000,122.25000,123.75000,86712000
2020-12-08,124.37000,124.98000,123.09000,124.38000,82225500
2020-12-09,124.53000,125.95000,121.00000,121.78000,115089200
2020-12-10,120.50000,123.87000,120.15000,123.24000,81312200
2020-12-11,122.43000,122.76000,120.55000,122.41000,86939800
2020-12-14,122.60000,123.35000,121.54000,121.78000,79184500
2020-12-15,124.34000,127.90000,124.13000,127.88000,157243700
2020-12-16,127.41000,128.37000,126.56000,127.81000,98208600
2020-12-17,128.89999,129.58000,128.03999,128.70000,94359800
2020-12-18,128.96001,129.10001,126.12000,126.66000,192541500
2020-12-21,125.02000,128.31000,123.45000,128.23000,121251600
2020-12-22,131.61000,134.41000,129.64999,131.88000,168904800
2020-12-23,132.16000,132.42999,130.78000,130.96001,88223700
2020-12-24,131.32001,133.46001,131.10001,131.97000,54930100
2020-12-28,133.99001,137.34000,133.50999,136.69000,124486200
2020-12-29,138.05000,138.78999,134.34000,134.87000,121047300
2020-12-30,135.58000,135.99001,133.39999,133.72000,96452100
2020-12-31,134.08000,134.74001,131.72000,132.69000,99116600
2021-01-04,133.52000,133.61000,126.76000,129.41000,143301900
2021-01-05,128.89000,131.74001,128.42999,131.00999,97664900
2021-01-06,127.72000,131.05000,126.38000,126.60000,155088000
2021-01-07,128.36000,131.63000,127.86000,130.92000,109578200
2021-01-08,132.42999,132.63000,130.23000,132.05000,105158200
2021-01-11,129.19000,130.17000,128.50000,128.98000,100384500
2021-01-12,128.50000,129.69000,126.86000,128.80000,91951100
2021-01-13,128.75999,131.45000,128.49001,130.89000,88636800
2021-01-14,130.80000,131.00000,128.75999,128.91000,90221800
2021-01-15,128.78000,130.22000,127.00000,127.14000,111598500
2021-01-19,127.78000,128.71001,126.94000,127.83000,90757300
2021-01-20,128.66000,132.49001,128.55000,132.03000,104319500
2021-01-21,133.80000,139.67000,133.59000,136.87000,120150900
2021-01-22,136.28000,139.85001,135.02000,139.07001,114459400
2021-01-25,143.07001,145.09000,136.53999,142.92000,157611700
2021-01-26,143.60001,144.30000,141.37000,143.16000,98390600
2021-01-27,143.42999,144.30000,140.41000,142.06000,140843800
2021-01-28,139.52000,141.99001,136.70000,137.09000,142621100
2021-01-29,135.83000,136.74001,130.21001,131.96001,177523800
2021-02-01,133.75000,135.38000,130.92999,134.14000,106239800
2021-02-02,135.73000,136.31000,134.61000,134.99001,83305400
2021-02-03,135.75999,135.77000,133.61000,133.94000,89880900
2021-02-04,136.30000,137.39999,134.59000,137.39000,84183100
2021-02-05,137.35001,137.42000,135.86000,136.75999,75693800
2021-02-08,136.03000,136.96001,134.92000,136.91000,71297200
2021-02-09,136.62000,137.88000,135.85001,136.00999,76774200
2021-02-10,136.48000,136.99001,134.39999,135.39000,73046600
2021-02-11,135.89999,136.39000,133.77000,135.13000,64280000
2021-02-12,134.35001,135.53000,133.69000,135.37000,60145100
2021-02-16,135.49001,136.00999,132.78999,133.19000,80576300
2021-02-17,131.25000,132.22000,129.47000,130.84000,97918500
2021-02-18,129.20000,130.00000,127.41000,129.71001,96856700
2021-02-19,130.24001,130.71001,128.80000,129.87000,87668800
2021-02-22,128.00999,129.72000,125.60000,126.00000,103916400
2021-02-23,123.76000,126.71000,118.39000,125.86000,158273000
2021-02-24,124.94000,125.56000,122.23000,125.35000,111039900
2021-02-25,124.68000,126.46000,120.54000,120.99000,148199500
2021-02-26,122.59000,124.85000,121.20000,121.26000,164560400
2021-03-01,123.75000,127.93000,122.79000,127.79000,116307900
2021-03-02,128.41000,128.72000,125.01000,125.12000,102260900
2021-03-03,124.81000,125.71000,121.84000,122.06000,112966300
2021-03-04,121.75000,123.60000,118.62000,120.13000,178155000
2021-03-05,120.98000,121.94000,117.57000,121.42000,153766600
2021-03-08,120.93000,121.00000,116.21000,116.36000,154376600
2021-03-09,119.03000,122.06000,118.79000,121.09000,129525800
2021-03-10,121.69000,122.17000,119.45000,119.98000,111943300
2021-03-11,122.54000,123.21000,121.26000,121.96000,103026500
2021-03-12,120.40000,121.17000,119.16000,121.03000,88105100
2021-03-15,121.41000,124.00000,120.42000,123.99000,92403800
2021-03-16,125.70000,127.22000,124.72000,125.57000,115227900
2021-03-17,124.05000,125.86000,122.34000,124.76000,111932600
2021-03-18,122.88000,123.18000,120.32000,120.53000,121229700
2021-03-19,119.90000,121.43000,119.68000,119.99000,185549500
2021-03-22,120.33000,123.87000,120.26000,123.39000,111912300
2021-03-23,123.33000,124.24000,122.14000,122.54000,95467100
2021-03-24,122.82000,122.90000,120.07000,120.09000,88530500
2021-03-25,119.54000,121.66000,119.00000,120.59000,98844700
2021-03-26,120.35000,121.48000,118.92000,121.21000,94071200
2021-03-29,121.65000,122.58000,120.73000,121.39000,80819200
2021-03-30,120.11000,120.40000,118.86000,119.90000,85671900
2021-03-31,121.65000,123.52000,121.15000,122.15000,118323800
2021-04-01,123.66000,124.18000,122.49000,123.00000,75089100
2021-04-05,123.87000,126.16000,123.07000,125.90000,88651200
2021-04-06,126.50000,127.13000,125.65000,126.21000,80171300
2021-04-07,125.83000,127.92000,125.14000,127.90000,83466700
2021-04-08,128.95000,130.39000,128.52000,130.36000,88844600
2021-04-09,129.80000,133.03999,129.47000,133.00000,106686700
2021-04-12,132.52000,132.85001,130.63000,131.24001,91420000
2021-04-13,132.44000,134.66000,131.92999,134.42999,91266500
2021-04-14,134.94000,135.00000,131.66000,132.03000,87222800
2021-04-15,133.82001,135.00000,133.64000,134.50000,89347100
2021-04-16,134.30000,134.67000,133.28000,134.16000,84922400
2021-04-19,133.50999,135.47000,133.34000,134.84000,94264200
2021-04-20,135.02000,135.53000,131.81000,133.11000,94812300
2021-04-21,132.36000,133.75000,131.30000,133.50000,68847100
2021-04-22,133.03999,134.14999,131.41000,131.94000,84566500
2021-04-23,132.16000,135.12000,132.16000,134.32001,78657500
2021-04-26,134.83000,135.06000,133.56000,134.72000,66905100
2021-04-27,135.00999,135.41000,134.11000,134.39000,66015800
2021-04-28,134.31000,135.02000,133.08000,133.58000,107760100
2021-04-29,136.47000,137.07001,132.45000,133.48000,151101000
2021-04-30,131.78000,133.56000,131.07001,131.46001,109839500
2021-05-03,132.03999,134.07001,131.83000,132.53999,75135100
2021-05-04,131.19000,131.49001,126.70000,127.85000,137564700
2021-05-05,129.20000,130.45000,127.97000,128.10001,84000900
2021-05-06,127.89000,129.75000,127.13000,129.74001,78128300
2021-05-07,130.85001,131.25999,129.48000,130.21001,78973300
2021-05-10,129.41000,129.53999,126.81000,126.85000,88071200
2021-05-11,123.50000,126.27000,122.77000,125.91000,126142800
2021-05-12,123.40000,124.64000,122.25000,122.77000,112172300
2021-05-13,124.58000,126.15000,124.26000,124.97000,105861300
2021-05-14,126.25000,127.89000,125.85000,127.45000,81918000
2021-05-17,126.82000,126.93000,125.17000,126.27000,74244600
2021-05-18,126.56000,126.99000,124.78000,124.85000,63342900
2021-05-19,123.16000,124.92000,122.86000,124.69000,92612000
2021-05-20,125.23000,127.72000,125.10000,127.31000,76857100
2021-05-21,127.82000,128.00000,125.21000,125.43000,79295400
2021-05-24,126.01000,127.94000,125.94000,127.10000,63092900
2021-05-25,127.82000,128.32001,126.32000,126.90000,72009500
2021-05-26,126.96000,127.39000,126.42000,126.85000,56575900
2021-05-27,126.44000,127.64000,125.08000,125.28000,94625600
2021-05-28,125.57000,125.80000,124.55000,124.61000,71311100
2021-06-01,125.08000,125.35000,123.94000,124.28000,67637100
2021-06-02,124.28000,125.24000,124.05000,125.06000,59278900
2021-06-03,124.68000,124.85000,123.13000,123.54000,76229200
2021-06-04,124.07000,126.16000,123.85000,125.89000,75169300
2021-06-07,126.17000,126.32000,124.83000,125.90000,71057600
2021-06-08,126.60000,128.46001,126.21000,126.74000,74403800
2021-06-09,127.21000,127.75000,126.52000,127.13000,56877900
2021-06-10,127.02000,128.19000,125.94000,126.11000,71186400
2021-06-11,126.53000,127.44000,126.10000,127.35000,53522400
2021-06-14,127.82000,130.53999,127.07000,130.48000,96906500
2021-06-15,129.94000,130.60001,129.39000,129.64000,62746300
2021-06-16,130.37000,130.89000,128.46001,130.14999,91815000
2021-06-17,129.80000,132.55000,129.64999,131.78999,96721700
2021-06-18,130.71001,131.50999,130.24001,130.46001,108953300
2021-06-21,130.30000,132.41000,129.21001,132.30000,79663300
2021-06-22,132.13000,134.08000,131.62000,133.98000,74783600
2021-06-23,133.77000,134.32001,133.23000,133.70000,60214200
2021-06-24,134.45000,134.64000,132.92999,133.41000,68711000
2021-06-25,133.46001,133.89000,132.81000,133.11000,70783700
2021-06-28,133.41000,135.25000,133.35001,134.78000,62111300
2021-06-29,134.80000,136.49001,134.35001,136.33000,64556100
2021-06-30,136.17000,137.41000,135.87000,136.96001,63261400
2021-07-01,136.60001,137.33000,135.75999,137.27000,52485800
2021-07-02,137.89999,140.00000,137.75000,139.96001,78852600
2021-07-06,140.07001,143.14999,140.07001,142.02000,108181800
2021-07-07,143.53999,144.89000,142.66000,144.57001,104911600
2021-07-08,141.58000,144.06000,140.67000,143.24001,105575500
2021-07-09,142.75000,145.64999,142.64999,145.11000,99890800
2021-07-12,146.21001,146.32001,144.00000,144.50000,76299700
2021-07-13,144.03000,147.46001,143.63000,145.64000,100827100
2021-07-14,148.10001,149.57001,147.67999,149.14999,127050800
2021-07-15,149.24001,150.00000,147.09000,148.48000,106820300
2021-07-16,148.46001,149.75999,145.88000,146.39000,93251400
2021-07-19,143.75000,144.07001,141.67000,142.45000,121434600
2021-07-20,143.46001,147.10001,142.96001,146.14999,96350000
2021-07-21,145.53000,146.13000,144.63000,145.39999,74993500
2021-07-22,145.94000,148.20000,145.81000,146.80000,77338200
2021-07-23,147.55000,148.72000,146.92000,148.56000,71447400
2021-07-26,148.27000,149.83000,147.70000,148.99001,72434100
2021-07-27,149.12000,149.21001,145.55000,146.77000,104818600
2021-07-28,144.81000,146.97000,142.53999,144.98000,118931200
2021-07-29,144.69000,146.55000,144.58000,145.64000,56699500
2021-07-30,144.38000,146.33000,144.11000,145.86000,70440600
2021-08-02,146.36000,146.95000,145.25000,145.52000,62880000
2021-08-03,145.81000,148.03999,145.17999,147.36000,64786600
2021-08-04,147.27000,147.78999,146.28000,146.95000,56368300
2021-08-05,146.98000,147.84000,146.17000,147.06000,46397700
2021-08-06,146.35001,147.11000,145.63000,146.14000,54126800
2021-08-09,146.20000,146.70000,145.52000,146.09000,48908700
2021-08-10,146.44000,147.71001,145.30000,145.60001,69023100
2021-08-11,146.05000,146.72000,145.53000,145.86000,48493500
2021-08-12,146.19000,149.05000,145.84000,148.89000,72282600
2021-08-13,148.97000,149.44000,148.27000,149.10001,59375000
2021-08-16,148.53999,151.19000,146.47000,151.12000,103296000
2021-08-17,150.23000,151.67999,149.09000,150.19000,92229700
2021-08-18,149.80000,150.72000,146.14999,146.36000,86326000
2021-08-19,145.03000,148.00000,144.50000,146.70000,86960300
2021-08-20,147.44000,148.50000,146.78000,148.19000,60549600
2021-08-23,148.31000,150.19000,147.89000,149.71001,60131800
2021-08-24,149.45000,150.86000,149.14999,149.62000,48606400
2021-08-25,149.81000,150.32001,147.80000,148.36000,58991300
2021-08-26,148.35001,149.12000,147.50999,147.53999,48597200
2021-08-27,147.48000,148.75000,146.83000,148.60001,55802400
2021-08-30,149.00000,153.49001,148.61000,153.12000,90956700
2021-08-31,152.66000,152.80000,151.28999,151.83000,86453100
2021-09-01,152.83000,154.98000,152.34000,152.50999,80313700
2021-09-02,153.87000,154.72000,152.39999,153.64999,71115500
2021-09-03,153.75999,154.63000,153.09000,154.30000,57808700
2021-09-07,154.97000,157.25999,154.39000,156.69000,82278300
2021-09-08,156.98000,157.03999,153.98000,155.11000,74420200
2021-09-09,155.49001,156.11000,153.95000,154.07001,57305700
2021-09-10,155.00000,155.48000,148.70000,148.97000,140893200
2021-09-13,150.63000,151.42000,148.75000,149.55000,102404300
2021-09-14,150.35001,151.07001,146.91000,148.12000,109296300
2021-09-15,148.56000,149.44000,146.37000,149.03000,83281300
2021-09-16,148.44000,148.97000,147.22000,148.78999,68034100
2021-09-17,148.82001,148.82001,145.75999,146.06000,129868800
2021-09-20,143.80000,144.84000,141.27000,142.94000,123478900
2021-09-21,143.92999,144.60001,142.78000,143.42999,75834000
2021-09-22,144.45000,146.42999,143.70000,145.85001,76404300
2021-09-23,146.64999,147.08000,145.64000,146.83000,64838200
2021-09-24,145.66000,147.47000,145.56000,146.92000,53477900
2021-09-27,145.47000,145.96001,143.82001,145.37000,74150700
2021-09-28,143.25000,144.75000,141.69000,141.91000,108972300
2021-09-29,142.47000,144.45000,142.03000,142.83000,74602000
2021-09-30,143.66000,144.38000,141.28000,141.50000,89056700
2021-10-01,141.89999,142.92000,139.11000,142.64999,94639600
2021-10-04,141.75999,142.21001,138.27000,139.14000,98322000
2021-10-05,139.49001,142.24001,139.36000,141.11000,80861100
2021-10-06,139.47000,142.14999,138.37000,142.00000,83221100
2021-10-07,143.06000,144.22000,142.72000,143.28999,61732700
2021-10-08,144.03000,144.17999,142.56000,142.89999,58773200
2021-10-11,142.27000,144.81000,141.81000,142.81000,64452200
2021-10-12,143.23000,143.25000,141.03999,141.50999,73035900
2021-10-13,141.24001,141.39999,139.20000,140.91000,78762700
2021-10-14,142.11000,143.88000,141.50999,143.75999,69907100
2021-10-15,143.77000,144.89999,143.50999,144.84000,67940300
2021-10-18,143.45000,146.84000,143.16000,146.55000,85589200
2021-10-19,147.00999,149.17000,146.55000,148.75999,76378900
2021-10-20,148.70000,149.75000,148.12000,149.25999,58418800
2021-10-21,148.81000,149.64000,147.87000,149.48000,61421000
2021-10-22,149.69000,150.17999,148.64000,148.69000,58883400
2021-10-25,148.67999,149.37000,147.62000,148.64000,50720600
2021-10-26,149.33000,150.84000,149.00999,149.32001,60893400
2021-10-27,149.36000,149.73000,148.49001,148.85001,56094900
2021-10-28,149.82001,153.17000,149.72000,152.57001,100077900
2021-10-29,147.22000,149.94000,146.41000,149.80000,124953200
2021-11-01,148.99001,149.70000,147.80000,148.96001,74588300
2021-11-02,148.66000,151.57001,148.64999,150.02000,69122000
2021-11-03,150.39000,151.97000,149.82001,151.49001,54511500
2021-11-04,151.58000,152.42999,150.64000,150.96001,60394600
2021-11-05,151.89000,152.20000,150.06000,151.28000,65463900
2021-11-08,151.41000,151.57001,150.16000,150.44000,55020900
2021-11-09,150.20000,151.42999,150.06000,150.81000,56787900
2021-11-10,150.02000,150.13000,147.85001,147.92000,65187100
2021-11-11,148.96001,149.42999,147.67999,147.87000,41000000
2021-11-12,148.42999,150.39999,147.48000,149.99001,63804000
2021-11-15,150.37000,151.88000,149.42999,150.00000,59222800
2021-11-16,149.94000,151.49001,149.34000,151.00000,59256200
2021-11-17,151.00000,155.00000,150.99001,153.49001,88807000
2021-11-18,153.71001,158.67000,153.05000,157.87000,137827700
2021-11-19,157.64999,161.02000,156.53000,160.55000,117305600
2021-11-22,161.67999,165.70000,161.00000,161.02000,117467900
2021-11-23,161.12000,161.80000,159.06000,161.41000,96041900
2021-11-24,160.75000,162.14000,159.64000,161.94000,69463600
2021-11-26,159.57001,160.45000,156.36000,156.81000,76959800
2021-11-29,159.37000,161.19000,158.78999,160.24001,88748200
2021-11-30,159.99001,165.52000,159.92000,165.30000,174048100
2021-12-01,167.48000,170.30000,164.53000,164.77000,152052500
2021-12-02,158.74001,164.20000,157.80000,163.75999,136739200
2021-12-03,164.02000,164.96001,159.72000,161.84000,118023100
2021-12-06,164.28999,167.88000,164.28000,165.32001,107497000
2021-12-07,169.08000,171.58000,168.34000,171.17999,120405400
2021-12-08,172.13000,175.96001,170.70000,175.08000,116998900
2021-12-09,174.91000,176.75000,173.92000,174.56000,108923700
2021-12-10,175.21001,179.63000,174.69000,179.45000,115402700
2021-12-13,181.12000,182.13000,175.53000,175.74001,153237000
2021-12-14,175.25000,177.74001,172.21001,174.33000,139380400
2021-12-15,175.11000,179.50000,172.31000,179.30000,131063300
2021-12-16,179.28000,181.14000,170.75000,172.25999,150185800
2021-12-17,169.92999,173.47000,169.69000,171.14000,195432700
2021-12-20,168.28000,170.58000,167.46001,169.75000,107499100
2021-12-21,171.56000,173.20000,169.12000,172.99001,91185900
2021-12-22,173.03999,175.86000,172.14999,175.64000,92135300
2021-12-23,175.85001,176.85001,175.27000,176.28000,68356600
2021-12-27,177.09000,180.42000,177.07001,180.33000,74919600
2021-12-28,180.16000,181.33000,178.53000,179.28999,79144300
2021-12-29,179.33000,180.63000,178.14000,179.38000,62348900
2021-12-30,179.47000,180.57001,178.09000,178.20000,59773000
2021-12-31,178.09000,179.23000,177.25999,177.57001,64062300
2022-01-03,177.83000,182.88000,177.71001,182.00999,104487900
2022-01-04,182.63000,182.94000,179.12000,179.70000,99310400
2022-01-05,179.61000,180.17000,174.64000,174.92000,94537600
2022-01-06,172.70000,175.30000,171.64000,172.00000,96904000
2022-01-07,172.89000,174.14000,171.03000,172.17000,86709100
2022-01-10,169.08000,172.50000,168.17000,172.19000,106765600
2022-01-11,172.32001,175.17999,170.82001,175.08000,76138300
2022-01-12,176.12000,177.17999,174.82001,175.53000,74805200
2022-01-13,175.78000,176.62000,171.78999,172.19000,84505800
2022-01-14,171.34000,173.78000,171.09000,173.07001,80440800
2022-01-18,171.50999,172.53999,169.41000,169.80000,90956700
2022-01-19,170.00000,171.08000,165.94000,166.23000,94815000
2022-01-20,166.98000,169.67999,164.17999,164.50999,91420500
2022-01-21,164.42000,166.33000,162.30000,162.41000,122848900
2022-01-24,160.02000,162.30000,154.70000,161.62000,162294600
2022-01-25,158.98000,162.75999,157.02000,159.78000,115798400
2022-01-26,163.50000,164.39000,157.82001,159.69000,108275300
2022-01-27,162.45000,163.84000,158.28000,159.22000,121954600
2022-01-28,165.71001,170.35001,162.80000,170.33000,179935700
2022-01-31,170.16000,175.00000,169.50999,174.78000,115541600
2022-02-01,174.00999,174.84000,172.31000,174.61000,86213900
2022-02-02,174.75000,175.88000,173.33000,175.84000,84914300
2022-02-03,174.48000,176.24001,172.12000,172.89999,89418100
2022-02-04,171.67999,174.10001,170.67999,172.39000,82465400
2022-02-07,172.86000,173.95000,170.95000,171.66000,77251200
2022-02-08,171.73000,175.35001,171.42999,174.83000,74829200
2022-02-09,176.05000,176.64999,174.89999,176.28000,71285000
2022-02-10,174.14000,175.48000,171.55000,172.12000,90865900
2022-02-11,172.33000,173.08000,168.03999,168.64000,98670700
2022-02-14,167.37000,169.58000,166.56000,168.88000,86185500
2022-02-15,170.97000,172.95000,170.25000,172.78999,62527400
2022-02-16,171.85001,173.34000,170.05000,172.55000,61177400
2022-02-17,171.03000,171.91000,168.47000,168.88000,69589300
2022-02-18,169.82001,170.53999,166.19000,167.30000,82772700
2022-02-22,164.98000,166.69000,162.14999,164.32001,91162800
2022-02-23,165.53999,166.14999,159.75000,160.07001,90009200
2022-02-24,152.58000,162.85001,152.00000,162.74001,141147500
2022-02-25,163.84000,165.12000,160.87000,164.85001,91974200
2022-02-28,163.06000,165.42000,162.42999,165.12000,95056600
2022-03-01,164.70000,166.60001,161.97000,163.20000,83474400
2022-03-02,164.39000,167.36000,162.95000,166.56000,79724800
2022-03-03,168.47000,168.91000,165.55000,166.23000,76678400
2022-03-04,164.49001,165.55000,162.10001,163.17000,83737200
2022-03-07,163.36000,165.02000,159.03999,159.30000,96418800
2022-03-08,158.82001,162.88000,155.80000,157.44000,131148300
2022-03-09,161.48000,163.41000,159.41000,162.95000,91454900
2022-03-10,160.20000,160.39000,155.98000,158.52000,105342000
2022-03-11,158.92999,159.28000,154.50000,154.73000,96970100
2022-03-14,151.45000,154.12000,150.10001,150.62000,108732100
2022-03-15,150.89999,155.57001,150.38000,155.09000,92964300
2022-03-16,157.05000,160.00000,154.46001,159.59000,102300200
2022-03-17,158.61000,161.00000,157.63000,160.62000,75615400
2022-03-18,160.50999,164.48000,159.75999,163.98000,123511700
2022-03-21,163.50999,166.35001,163.00999,165.38000,95811400
2022-03-22,165.50999,169.42000,164.91000,168.82001,81532000
2022-03-23,167.99001,172.64000,167.64999,170.21001,98062700
2022-03-24,171.06000,174.14000,170.21001,174.07001,90131400
2022-03-25,173.88000,175.28000,172.75000,174.72000,80546200
2022-03-28,172.17000,175.73000,172.00000,175.60001,90371900
2022-03-29,176.69000,179.00999,176.34000,178.96001,100589400
2022-03-30,178.55000,179.61000,176.70000,177.77000,92633200
2022-03-31,177.84000,178.03000,174.39999,174.61000,103049300
2022-04-01,174.03000,174.88000,171.94000,174.31000,78751300
2022-04-04,174.57001,178.49001,174.44000,178.44000,76468400
2022-04-05,177.50000,178.30000,174.42000,175.06000,73401800
2022-04-06,172.36000,173.63000,170.13000,171.83000,89058800
2022-04-07,171.16000,173.36000,169.85001,172.14000,77594700
2022-04-08,171.78000,171.78000,169.20000,170.09000,76575500
2022-04-11,168.71001,169.03000,165.50000,165.75000,72246700
2022-04-12,168.02000,169.87000,166.64000,167.66000,79265200
2022-04-13,167.39000,171.03999,166.77000,170.39999,70618900
2022-04-14,170.62000,171.27000,165.03999,165.28999,75329400
2022-04-18,163.92000,166.60001,163.57001,165.07001,69023900
2022-04-19,165.02000,167.82001,163.91000,167.39999,67723800
2022-04-20,168.75999,168.88000,166.10001,167.23000,67929800
2022-04-21,168.91000,171.53000,165.91000,166.42000,87227800
2022-04-22,166.46001,167.87000,161.50000,161.78999,84882400
2022-04-25,161.12000,163.17000,158.46001,162.88000,96046400
2022-04-26,162.25000,162.34000,156.72000,156.80000,95623200
2022-04-27,155.91000,159.78999,155.38000,156.57001,88063200
2022-04-28,159.25000,164.52000,158.92999,163.64000,130216800
2022-04-29,161.84000,166.20000,157.25000,157.64999,131747600
2022-05-02,156.71001,158.23000,153.27000,157.96001,123055300
2022-05-03,158.14999,160.71001,156.32001,159.48000,88966500
2022-05-04,159.67000,166.48000,159.25999,166.02000,108256500
2022-05-05,163.85001,164.08000,154.95000,156.77000,130525300
2022-05-06,156.00999,159.44000,154.17999,157.28000,116124600
2022-05-09,154.92999,155.83000,151.49001,152.06000,131577900
2022-05-10,155.52000,156.74001,152.92999,154.50999,115366700
2022-05-11,153.50000,155.45000,145.81000,146.50000,142689800
2022-05-12,142.77000,146.20000,138.80000,142.56000,182602000
2022-05-13,144.59000,148.10001,143.11000,147.11000,113990900
2022-05-16,145.55000,147.52000,144.17999,145.53999,86643800
2022-05-17,148.86000,149.77000,146.67999,149.24001,78336300
2022-05-18,146.85001,147.36000,139.89999,140.82001,109742900
2022-05-19,139.88000,141.66000,136.60001,137.35001,136095600
2022-05-20,139.09000,140.70000,132.61000,137.59000,137426100
2022-05-23,137.78999,143.25999,137.64999,143.11000,117726300
2022-05-24,140.81000,141.97000,137.33000,140.36000,104132700
2022-05-25,138.42999,141.78999,138.34000,140.52000,92482700
2022-05-26,137.39000,144.34000,137.14000,143.78000,90601500
2022-05-27,145.39000,149.67999,145.25999,149.64000,90978500
2022-05-31,149.07001,150.66000,146.84000,148.84000,103718400
2022-06-01,149.89999,151.74001,147.67999,148.71001,74286600
2022-06-02,147.83000,151.27000,146.86000,151.21001,72348100
2022-06-03,146.89999,147.97000,144.46001,145.38000,88570300
2022-06-06,147.03000,148.57001,144.89999,146.14000,71598400
2022-06-07,144.35001,149.00000,144.10001,148.71001,67808200
2022-06-08,148.58000,149.87000,147.46001,147.96001,53950200
2022-06-09,147.08000,147.95000,142.53000,142.64000,69473000
2022-06-10,140.28000,140.75999,137.06000,137.13000,91437900
2022-06-13,132.87000,135.20000,131.44000,131.88000,122207100
2022-06-14,133.13000,133.89000,131.48000,132.75999,84784300
2022-06-15,134.28999,137.34000,132.16000,135.42999,91533000
2022-06-16,132.08000,132.39000,129.03999,130.06000,108123900
2022-06-17,130.07001,133.08000,129.81000,131.56000,134520300
2022-06-21,133.42000,137.06000,133.32001,135.87000,81000500
2022-06-22,134.78999,137.75999,133.91000,135.35001,73409200
2022-06-23,136.82001,138.59000,135.63000,138.27000,72433800
2022-06-24,139.89999,141.91000,139.77000,141.66000,89116800
2022-06-27,142.70000,143.49001,140.97000,141.66000,70207900
2022-06-28,142.13000,143.42000,137.32001,137.44000,67083400
2022-06-29,137.46001,140.67000,136.67000,139.23000,66242400
2022-06-30,137.25000,138.37000,133.77000,136.72000,98964500
2022-07-01,136.03999,139.03999,135.66000,138.92999,71051600
2022-07-05,137.77000,141.61000,136.92999,141.56000,73353800
2022-07-06,141.35001,144.12000,141.08000,142.92000,74064300
2022-07-07,143.28999,146.55000,143.28000,146.35001,66253700
2022-07-08,145.25999,147.55000,145.00000,147.03999,64547800
2022-07-11,145.67000,146.64000,143.78000,144.87000,63141600
2022-07-12,145.75999,148.45000,145.05000,145.86000,77588800
2022-07-13,142.99001,146.45000,142.12000,145.49001,71185600
2022-07-14,144.08000,148.95000,143.25000,148.47000,78140700
2022-07-15,149.78000,150.86000,148.20000,150.17000,76259900
2022-07-18,150.74001,151.57001,146.70000,147.07001,81420900
2022-07-19,147.92000,151.23000,146.91000,151.00000,82982400
2022-07-20,151.12000,153.72000,150.37000,153.03999,64823400
2022-07-21,154.50000,155.57001,151.94000,155.35001,65086600
2022-07-22,155.39000,156.28000,153.41000,154.09000,66675400
2022-07-25,154.00999,155.03999,152.28000,152.95000,53623900
2022-07-26,152.25999,153.09000,150.80000,151.60001,55138700
2022-07-27,152.58000,157.33000,152.16000,156.78999,78620700
2022-07-28,156.98000,157.64000,154.41000,157.35001,81378700
2022-07-29,161.24001,163.63000,159.50000,162.50999,101786900
2022-08-01,161.00999,163.59000,160.89000,161.50999,67829400
2022-08-02,160.10001,162.41000,159.63000,160.00999,59907000
2022-08-03,160.84000,166.59000,160.75000,166.13000,82507500
2022-08-04,166.00999,167.19000,164.42999,165.81000,55474100
2022-08-05,163.21001,165.85001,163.00000,165.35001,56697000
2022-08-08,166.37000,167.81000,164.20000,164.87000,60276900
2022-08-09,164.02000,165.82001,163.25000,164.92000,63135500
2022-08-10,167.67999,169.34000,166.89999,169.24001,70170500
2022-08-11,170.06000,170.99001,168.19000,168.49001,57149200
2022-08-12,169.82001,172.17000,169.39999,172.10001,68039400
2022-08-15,171.52000,173.39000,171.35001,173.19000,54091700
2022-08-16,172.78000,173.71001,171.66000,173.03000,56377100
2022-08-17,172.77000,176.14999,172.57001,174.55000,79542000
2022-08-18,173.75000,174.89999,173.12000,174.14999,62290100
2022-08-19,173.03000,173.74001,171.31000,171.52000,70346300
2022-08-22,169.69000,169.86000,167.14000,167.57001,69026800
2022-08-23,167.08000,168.71001,166.64999,167.23000,54147100
2022-08-24,167.32001,168.11000,166.25000,167.53000,53841500
2022-08-25,168.78000,170.14000,168.35001,170.03000,51218200
2022-08-26,170.57001,171.05000,163.56000,163.62000,78961000
2022-08-29,161.14999,162.89999,159.82001,161.38000,73314000
2022-08-30,162.13000,162.56000,157.72000,158.91000,77906200
2022-08-31,160.31000,160.58000,157.14000,157.22000,87991100
2022-09-01,156.64000,158.42000,154.67000,157.96001,74229900
2022-09-02,159.75000,160.36000,154.97000,155.81000,76957800
2022-09-06,156.47000,157.09000,153.69000,154.53000,73714800
2022-09-07,154.82001,156.67000,153.61000,155.96001,87449600
2022-09-08,154.64000,156.36000,152.67999,154.46001,84923800
2022-09-09,155.47000,157.82001,154.75000,157.37000,68028800
2022-09-12,159.59000,164.25999,159.30000,163.42999,104956000
2022-09-13,159.89999,160.53999,153.37000,153.84000,122656600
2022-09-14,154.78999,157.10001,153.61000,155.31000,87965400
2022-09-15,154.64999,155.24001,151.38000,152.37000,90481100
2022-09-16,151.21001,151.35001,148.37000,150.70000,162278800
2022-09-19,149.31000,154.56000,149.10001,154.48000,81474200
2022-09-20,153.39999,158.08000,153.08000,156.89999,107689800
2022-09-21,157.34000,158.74001,153.60001,153.72000,101696800
2022-09-22,152.38000,154.47000,150.91000,152.74001,86652500
2022-09-23,151.19000,151.47000,148.56000,150.42999,96029900
2022-09-26,149.66000,153.77000,149.64000,150.77000,93339400
2022-09-27,152.74001,154.72000,149.95000,151.75999,84442700
2022-09-28,147.64000,150.64000,144.84000,149.84000,146691400
2022-09-29,146.10001,146.72000,140.67999,142.48000,128138200
2022-09-30,141.28000,143.10001,138.00000,138.20000,124925300
2022-10-03,138.21001,143.07001,137.69000,142.45000,114311700
2022-10-04,145.03000,146.22000,144.25999,146.10001,87830100
2022-10-05,144.07001,147.38000,143.00999,146.39999,79471000
2022-10-06,145.81000,147.53999,145.22000,145.42999,68402200
2022-10-07,142.53999,143.10001,139.45000,140.09000,85925600
2022-10-10,140.42000,141.89000,138.57001,140.42000,74899000
2022-10-11,139.89999,141.35001,138.22000,138.98000,77033700
2022-10-12,139.13000,140.36000,138.16000,138.34000,70433700
2022-10-13,134.99001,143.59000,134.37000,142.99001,113224000
2022-10-14,144.31000,144.52000,138.19000,138.38000,88598000
2022-10-17,141.07001,142.89999,140.27000,142.41000,85250900
2022-10-18,145.49001,146.70000,140.61000,143.75000,99136600
2022-10-19,141.69000,144.95000,141.50000,143.86000,61758300
2022-10-20,143.02000,145.89000,142.64999,143.39000,64522000
2022-10-21,142.87000,147.85001,142.64999,147.27000,86548600
2022-10-24,147.19000,150.23000,146.00000,149.45000,75981900
2022-10-25,150.09000,152.49001,149.36000,152.34000,74732300
2022-10-26,150.96001,151.99001,148.03999,149.35001,88194300
2022-10-27,148.07001,149.05000,144.13000,144.80000,109180200
2022-10-28,148.20000,157.50000,147.82001,155.74001,164762400
2022-10-31,153.16000,154.24001,151.92000,153.34000,97943200
2022-11-01,155.08000,155.45000,149.13000,150.64999,80379300
2022-11-02,148.95000,152.17000,145.00000,145.03000,93604600
2022-11-03,142.06000,142.80000,138.75000,138.88000,97918500
2022-11-04,142.09000,142.67000,134.38000,138.38000,140814800
2022-11-07,137.11000,139.14999,135.67000,138.92000,83374600
2022-11-08,140.41000,141.42999,137.49001,139.50000,89908500
2022-11-09,138.50000,138.55000,134.59000,134.87000,74917800
2022-11-10,141.24001,146.87000,139.50000,146.87000,118854000
2022-11-11,145.82001,150.00999,144.37000,149.70000,93979700
2022-11-14,148.97000,150.28000,147.42999,148.28000,73374100
2022-11-15,152.22000,153.59000,148.56000,150.03999,89868300
2022-11-16,149.13000,149.87000,147.28999,148.78999,64218300
2022-11-17,146.42999,151.48000,146.14999,150.72000,80389400
2022-11-18,152.31000,152.70000,149.97000,151.28999,74829600
2022-11-21,150.16000,150.37000,147.72000,148.00999,58724100
2022-11-22,148.13000,150.42000,146.92999,150.17999,51804100
2022-11-23,149.45000,151.83000,149.34000,151.07001,58301400
2022-11-25,148.31000,148.88000,147.12000,148.11000,35195900
2022-11-28,145.14000,146.64000,143.38000,144.22000,69246000
2022-11-29,144.28999,144.81000,140.35001,141.17000,83763800
2022-11-30,141.39999,148.72000,140.55000,148.03000,111380900
2022-12-01,148.21001,149.13000,146.61000,148.31000,71250400
2022-12-02,145.96001,148.00000,145.64999,147.81000,65447400
2022-12-05,147.77000,150.92000,145.77000,146.63000,68826400
2022-12-06,147.07001,147.30000,141.92000,142.91000,64727200
2022-12-07,142.19000,143.37000,140.00000,140.94000,69721100
2022-12-08,142.36000,143.52000,141.10001,142.64999,62128300
2022-12-09,142.34000,145.57001,140.89999,142.16000,76097000
2022-12-12,142.70000,144.50000,141.06000,144.49001,70462700
2022-12-13,149.50000,149.97000,144.24001,145.47000,93886200
2022-12-14,145.35001,146.66000,141.16000,143.21001,82291200
2022-12-15,141.11000,141.80000,136.03000,136.50000,98931900
2022-12-16,136.69000,137.64999,133.73000,134.50999,160156900
2022-12-19,135.11000,135.20000,131.32001,132.37000,79592600
2022-12-20,131.39000,133.25000,129.89000,132.30000,77432800
2022-12-21,132.98000,136.81000,132.75000,135.45000,85928000
2022-12-22,134.35001,134.56000,130.30000,132.23000,77852100
2022-12-23,130.92000,132.42000,129.64000,131.86000,63814900
2022-12-27,131.38000,131.41000,128.72000,130.03000,69007800
2022-12-28,129.67000,131.03000,125.87000,126.04000,85438400
2022-12-29,127.99000,130.48000,127.73000,129.61000,75703700
2022-12-30,128.41000,129.95000,127.43000,129.92999,77034200
2023-01-03,130.28000,130.89999,124.17000,125.07000,112117500
2023-01-04,126.89000,128.66000,125.08000,126.36000,89113600
2023-01-05,127.13000,127.77000,124.76000,125.02000,80962700
2023-01-06,126.01000,130.28999,124.89000,129.62000,87754700
2023-01-09,130.47000,133.41000,129.89000,130.14999,70790800
2023-01-10,130.25999,131.25999,128.12000,130.73000,63896200
2023-01-11,131.25000,133.50999,130.46001,133.49001,69458900
2023-01-12,133.88000,134.25999,131.44000,133.41000,71379600
2023-01-13,132.03000,134.92000,131.66000,134.75999,57809700
2023-01-17,134.83000,137.28999,134.13000,135.94000,63646600
2023-01-18,136.82001,138.61000,135.03000,135.21001,69672800
2023-01-19,134.08000,136.25000,133.77000,135.27000,58280400
2023-01-20,135.28000,138.02000,134.22000,137.87000,80223600
2023-01-23,138.12000,143.32001,137.89999,141.11000,81760300
2023-01-24,140.31000,143.16000,140.30000,142.53000,66435100
2023-01-25,140.89000,142.42999,138.81000,141.86000,65799300
2023-01-26,143.17000,144.25000,141.89999,143.96001,54105100
2023-01-27,143.16000,147.23000,143.08000,145.92999,70555800
2023-01-30,144.96001,145.55000,142.85001,143.00000,64015300
2023-01-31,142.70000,144.34000,142.28000,144.28999,65874500
2023-02-01,143.97000,146.61000,141.32001,145.42999,77663600
2023-02-02,148.89999,151.17999,148.17000,150.82001,118339000
2023-02-03,148.03000,157.38000,147.83000,154.50000,154357300
2023-02-06,152.57001,153.10001,150.78000,151.73000,69858300
2023-02-07,150.64000,155.23000,150.64000,154.64999,83322600
2023-02-08,153.88000,154.58000,151.17000,151.92000,64120100
2023-02-09,153.78000,154.33000,150.42000,150.87000,56007100
2023-02-10,149.46001,151.34000,149.22000,151.00999,57450700
2023-02-13,150.95000,154.25999,150.92000,153.85001,62199000
2023-02-14,152.12000,153.77000,150.86000,153.20000,61707600
2023-02-15,153.11000,155.50000,152.88000,155.33000,65573800
2023-02-16,153.50999,156.33000,153.35001,153.71001,68167900
2023-02-17,152.35001,153.00000,150.85001,152.55000,59144100
2023-02-21,150.20000,151.30000,148.41000,148.48000,58867200
2023-02-22,148.87000,149.95000,147.16000,148.91000,51011300
2023-02-23,150.09000,150.34000,147.24001,149.39999,48394200
2023-02-24,147.11000,147.19000,145.72000,146.71001,55469600
2023-02-27,147.71001,149.17000,147.45000,147.92000,44998500
2023-02-28,147.05000,149.08000,146.83000,147.41000,50547000
2023-03-01,146.83000,147.23000,145.00999,145.31000,55479000
2023-03-02,144.38000,146.71001,143.89999,145.91000,52238100
2023-03-03,148.03999,151.11000,147.33000,151.03000,70732300
2023-03-06,153.78999,156.30000,153.46001,153.83000,87558000
2023-03-07,153.70000,154.03000,151.13000,151.60001,56182000
2023-03-08,152.81000,153.47000,151.83000,152.87000,47204800
2023-03-09,153.56000,154.53999,150.23000,150.59000,53833600
2023-03-10,150.21001,150.94000,147.61000,148.50000,68572400
2023-03-13,147.81000,153.14000,147.70000,150.47000,84457100
2023-03-14,151.28000,153.39999,150.10001,152.59000,73695900
2023-03-15,151.19000,153.25000,149.92000,152.99001,77167900
2023-03-16,152.16000,156.46001,151.64000,155.85001,76161100
2023-03-17,156.08000,156.74001,154.28000,155.00000,98944600
2023-03-20,155.07001,157.82001,154.14999,157.39999,73641400
2023-03-21,157.32001,159.39999,156.53999,159.28000,73938300
2023-03-22,159.30000,162.14000,157.81000,157.83000,75701800
2023-03-23,158.83000,161.55000,157.67999,158.92999,67622100
2023-03-24,158.86000,160.34000,157.85001,160.25000,59196500
2023-03-27,159.94000,160.77000,157.87000,158.28000,52390300
2023-03-28,157.97000,158.49001,155.98000,157.64999,45992200
2023-03-29,159.37000,161.05000,159.35001,160.77000,51305700
2023-03-30,161.53000,162.47000,161.27000,162.36000,49501700
2023-03-31,162.44000,165.00000,161.91000,164.89999,68749800
2023-04-03,164.27000,166.28999,164.22000,166.17000,56976200
2023-04-04,166.60001,166.84000,165.11000,165.63000,46278300
2023-04-05,164.74001,165.05000,161.80000,163.75999,51511700
2023-04-06,162.42999,164.96001,162.00000,164.66000,45390100
2023-04-10,161.42000,162.03000,160.08000,162.03000,47716900
2023-04-11,162.35001,162.36000,160.50999,160.80000,47644200
2023-04-12,161.22000,162.06000,159.78000,160.10001,50133100
2023-04-13,161.63000,165.80000,161.42000,165.56000,68445600
2023-04-14,164.59000,166.32001,163.82001,165.21001,49386500
2023-04-17,165.09000,165.39000,164.03000,165.23000,41516200
2023-04-18,166.10001,167.41000,165.64999,166.47000,49923000
2023-04-19,165.80000,168.16000,165.53999,167.63000,47720200
2023-04-20,166.09000,167.87000,165.56000,166.64999,52456400
2023-04-21,165.05000,166.45000,164.49001,165.02000,58337300
2023-04-24,165.00000,165.60001,163.89000,165.33000,41949600
2023-04-25,165.19000,166.31000,163.73000,163.77000,48714100
2023-04-26,163.06000,165.28000,162.80000,163.75999,45498800
2023-04-27,165.19000,168.56000,165.19000,168.41000,64902300
2023-04-28,168.49001,169.85001,167.88000,169.67999,55209200
2023-05-01,169.28000,170.45000,168.64000,169.59000,52472900
2023-05-02,170.09000,170.35001,167.53999,168.53999,48425700
2023-05-03,169.50000,170.92000,167.16000,167.45000,65136000
2023-05-04,164.89000,167.03999,164.31000,165.78999,81235400
2023-05-05,170.98000,174.30000,170.75999,173.57001,113316400
2023-05-08,172.48000,173.85001,172.11000,173.50000,55962800
2023-05-09,173.05000,173.53999,171.60001,171.77000,45326900
2023-05-10,173.02000,174.03000,171.89999,173.56000,53724500
2023-05-11,173.85001,174.59000,172.17000,173.75000,49514700
2023-05-12,173.62000,174.06000,171.00000,172.57001,45497800
2023-05-15,173.16000,173.21001,171.47000,172.07001,37266700
2023-05-16,171.99001,173.14000,171.80000,172.07001,42110300
2023-05-17,171.71001,172.92999,170.42000,172.69000,57951600
2023-05-18,173.00000,175.24001,172.58000,175.05000,65496700
2023-05-19,176.39000,176.39000,174.94000,175.16000,55772400
2023-05-22,173.98000,174.71001,173.45000,174.20000,43570900
2023-05-23,173.13000,173.38000,171.28000,171.56000,50747300
2023-05-24,171.09000,172.42000,170.52000,171.84000,45143500
2023-05-25,172.41000,173.89999,171.69000,172.99001,56058300
2023-05-26,173.32001,175.77000,173.11000,175.42999,54835000
2023-05-30,176.96001,178.99001,176.57001,177.30000,55964400
2023-05-31,177.33000,179.35001,176.75999,177.25000,99625300
2023-06-01,177.70000,180.12000,176.92999,180.09000,68901800
2023-06-02,181.03000,181.78000,179.25999,180.95000,61945900
2023-06-05,182.63000,184.95000,178.03999,179.58000,121946500
2023-06-06,179.97000,180.12000,177.42999,179.21001,64848400
2023-06-07,178.44000,181.21001,177.32001,177.82001,61944600
2023-06-08,177.89999,180.84000,177.46001,180.57001,50214900
2023-06-09,181.50000,182.23000,180.63000,180.96001,48870700
2023-06-12,181.27000,183.89000,180.97000,183.78999,54274900
2023-06-13,182.80000,184.14999,182.44000,183.31000,54929100
2023-06-14,183.37000,184.39000,182.02000,183.95000,57462900
2023-06-15,183.96001,186.52000,183.78000,186.00999,65433200
2023-06-16,186.73000,186.99001,184.27000,184.92000,101235600
2023-06-20,184.41000,186.10001,184.41000,185.00999,49799100
2023-06-21,184.89999,185.41000,182.59000,183.96001,49515700
2023-06-22,183.74001,187.05000,183.67000,187.00000,51245300
2023-06-23,185.55000,187.56000,185.00999,186.67999,53079300
2023-06-26,186.83000,188.05000,185.23000,185.27000,48088700
2023-06-27,185.89000,188.39000,185.67000,188.06000,50730800
2023-06-28,187.92999,189.89999,187.60001,189.25000,51216800
2023-06-29,189.08000,190.07001,188.94000,189.59000,46347300
2023-06-30,191.63000,194.48000,191.25999,193.97000,85069600
2023-07-03,193.78000,193.88000,191.75999,192.46001,31458200
2023-07-05,191.57001,192.98000,190.62000,191.33000,46920300
2023-07-06,189.84000,192.02000,189.20000,191.81000,45094300
2023-07-07,191.41000,192.67000,190.24001,190.67999,46778000
2023-07-10,189.25999,189.99001,187.03999,188.61000,59922200
2023-07-11,189.16000,189.30000,186.60001,188.08000,46638100
2023-07-12,189.67999,191.70000,188.47000,189.77000,60750200
2023-07-13,190.50000,191.19000,189.78000,190.53999,41342300
2023-07-14,190.23000,191.17999,189.63000,190.69000,41573900
2023-07-17,191.89999,194.32001,191.81000,193.99001,50520200
2023-07-18,193.35001,194.33000,192.42000,193.73000,48353800
2023-07-19,193.10001,198.23000,192.64999,195.10001,80507300
2023-07-20,195.09000,196.47000,192.50000,193.13000,59581200
2023-07-21,194.10001,194.97000,191.23000,191.94000,71917800
2023-07-24,193.41000,194.91000,192.25000,192.75000,45377800
2023-07-25,193.33000,194.44000,192.92000,193.62000,37283200
2023-07-26,193.67000,195.64000,193.32001,194.50000,47471900
2023-07-27,196.02000,197.20000,192.55000,193.22000,47460200
2023-07-28,194.67000,196.63000,194.14000,195.83000,48291400
2023-07-31,196.06000,196.49001,195.25999,196.45000,38824100
2023-08-01,196.24001,196.73000,195.28000,195.61000,35175100
2023-08-02,195.03999,195.17999,191.85001,192.58000,50389300
2023-08-03,191.57001,192.37000,190.69000,191.17000,61235200
2023-08-04,185.52000,187.38000,181.92000,181.99001,115799700
2023-08-07,182.13000,183.13000,177.35001,178.85001,97576100
2023-08-08,179.69000,180.27000,177.58000,179.80000,67823000
2023-08-09,180.87000,180.92999,177.00999,178.19000,60378500
2023-08-10,179.48000,180.75000,177.60001,177.97000,54686900
2023-08-11,177.32001,178.62000,176.55000,177.78999,51988100
2023-08-14,177.97000,179.69000,177.31000,179.46001,43675600
2023-08-15,178.88000,179.48000,177.05000,177.45000,43622600
2023-08-16,177.13000,178.53999,176.50000,176.57001,46964900
2023-08-17,177.14000,177.50999,173.48000,174.00000,66062900
2023-08-18,172.30000,175.10001,171.96001,174.49001,61114200
2023-08-21,175.07001,176.13000,173.74001,175.84000,46311900
2023-08-22,177.06000,177.67999,176.25000,177.23000,42084200
2023-08-23,178.52000,181.55000,178.33000,181.12000,52722800
2023-08-24,180.67000,181.10001,176.00999,176.38000,54945800
2023-08-25,177.38000,179.14999,175.82001,178.61000,51449600
2023-08-28,180.09000,180.59000,178.55000,180.19000,43820700
2023-08-29,179.70000,184.89999,179.50000,184.12000,53003900
2023-08-30,184.94000,187.85001,184.74001,187.64999,60813900
2023-08-31,187.84000,189.12000,187.48000,187.87000,60794500
2023-09-01,189.49001,189.92000,188.28000,189.46001,45732600
2023-09-05,188.28000,189.98000,187.61000,189.70000,45280000
2023-09-06,188.39999,188.85001,181.47000,182.91000,81755800
2023-09-07,175.17999,178.21001,173.53999,177.56000,112488800
2023-09-08,178.35001,180.24001,177.78999,178.17999,65551300
2023-09-11,180.07001,180.30000,177.34000,179.36000,58953100
2023-09-12,179.49001,180.13000,174.82001,176.30000,90370200
2023-09-13,176.50999,177.30000,173.98000,174.21001,84267900
2023-09-14,174.00000,176.10001,173.58000,175.74001,60895800
2023-09-15,176.48000,176.50000,173.82001,175.00999,109205100
2023-09-18,176.48000,179.38000,176.17000,177.97000,67257600
2023-09-19,177.52000,179.63000,177.13000,179.07001,51826900
2023-09-20,179.25999,179.70000,175.39999,175.49001,58436200
2023-09-21,174.55000,176.30000,173.86000,173.92999,63047900
2023-09-22,174.67000,177.08000,174.05000,174.78999,56725400
2023-09-25,174.20000,176.97000,174.14999,176.08000,46172700
2023-09-26,174.82001,175.20000,171.66000,171.96001,64588900
2023-09-27,172.62000,173.03999,169.05000,170.42999,66921800
2023-09-28,169.34000,172.03000,167.62000,170.69000,56294400
2023-09-29,172.02000,173.07001,170.34000,171.21001,51814200
2023-10-02,171.22000,174.30000,170.92999,173.75000,52164500
2023-10-03,172.25999,173.63000,170.82001,172.39999,49594600
2023-10-04,171.09000,174.21001,170.97000,173.66000,53020300
2023-10-05,173.78999,175.45000,172.67999,174.91000,48527900
2023-10-06,173.80000,177.99001,173.17999,177.49001,57224100
2023-10-09,176.81000,179.05000,175.80000,178.99001,42390800
2023-10-10,178.10001,179.72000,177.95000,178.39000,43698000
2023-10-11,178.20000,179.85001,177.60001,179.80000,47551100
2023-10-12,180.07001,182.34000,179.03999,180.71001,56743100
2023-10-13,181.42000,181.92999,178.14000,178.85001,51427100
2023-10-16,176.75000,179.08000,176.50999,178.72000,52517000
2023-10-17,176.64999,178.42000,174.80000,177.14999,57549400
2023-10-18,175.58000,177.58000,175.11000,175.84000,54764400
2023-10-19,176.03999,177.84000,175.19000,175.46001,59302900
2023-10-20,175.31000,175.42000,172.64000,172.88000,64189300
2023-10-23,170.91000,174.00999,169.92999,173.00000,55980100
2023-10-24,173.05000,173.67000,171.45000,173.44000,43816600
2023-10-25,171.88000,173.06000,170.64999,171.10001,57157000
2023-10-26,170.37000,171.38000,165.67000,166.89000,70625300
2023-10-27,166.91000,168.96001,166.83000,168.22000,58499100
2023-10-30,169.02000,171.17000,168.87000,170.28999,51131000
2023-10-31,169.35001,170.89999,167.89999,170.77000,44846000
2023-11-01,171.00000,174.23000,170.12000,173.97000,56934900
2023-11-02,175.52000,177.78000,175.46001,177.57001,77334800
2023-11-03,174.24001,176.82001,173.35001,176.64999,79763700
2023-11-06,176.38000,179.42999,176.21001,179.23000,63841300
2023-11-07,179.17999,182.44000,178.97000,181.82001,70530000
2023-11-08,182.35001,183.45000,181.59000,182.89000,49340300
2023-11-09,182.96001,184.12000,181.81000,182.41000,53763500
2023-11-10,183.97000,186.57001,183.53000,186.39999,66133400
2023-11-13,185.82001,186.03000,184.21001,184.80000,43627500
2023-11-14,187.70000,188.11000,186.30000,187.44000,60108400
2023-11-15,187.85001,189.50000,187.78000,188.00999,53790500
2023-11-16,189.57001,190.96001,188.64999,189.71001,54412900
2023-11-17,190.25000,190.38000,188.57001,189.69000,50922700
2023-11-20,189.89000,191.91000,189.88000,191.45000,46505100
2023-11-21,191.41000,191.52000,189.74001,190.64000,38134500
2023-11-22,191.49001,192.92999,190.83000,191.31000,39617700
2023-11-24,190.87000,190.89999,189.25000,189.97000,24048300
2023-11-27,189.92000,190.67000,188.89999,189.78999,40552600
2023-11-28,189.78000,191.08000,189.39999,190.39999,38415400
2023-11-29,190.89999,192.09000,188.97000,189.37000,43014200
2023-11-30,189.84000,190.32001,188.19000,189.95000,48794400
2023-12-01,190.33000,191.56000,189.23000,191.24001,45679300
2023-12-04,189.98000,190.05000,187.45000,189.42999,43389500
2023-12-05,190.21001,194.39999,190.17999,193.42000,66628400
2023-12-06,194.45000,194.75999,192.11000,192.32001,41089700
2023-12-07,193.63000,195.00000,193.59000,194.27000,47477700
2023-12-08,194.20000,195.99001,193.67000,195.71001,53377300
2023-12-11,193.11000,193.49001,191.42000,193.17999,60943700
2023-12-12,193.08000,194.72000,191.72000,194.71001,52696900
2023-12-13,195.09000,198.00000,194.85001,197.96001,70404200
2023-12-14,198.02000,199.62000,196.16000,198.11000,66831600
2023-12-15,197.53000,198.39999,197.00000,197.57001,128256700
2023-12-18,196.09000,196.63000,194.39000,195.89000,55751900
2023-12-19,196.16000,196.95000,195.89000,196.94000,40714100
2023-12-20,196.89999,197.67999,194.83000,194.83000,52242800
2023-12-21,196.10001,197.08000,193.50000,194.67999,46482500
2023-12-22,195.17999,195.41000,192.97000,193.60001,37122800
2023-12-26,193.61000,193.89000,192.83000,193.05000,28919300
2023-12-27,192.49001,193.50000,191.09000,193.14999,48087700
2023-12-28,194.14000,194.66000,193.17000,193.58000,34049900
2023-12-29,193.89999,194.39999,191.73000,192.53000,42628800
2024-01-02,187.14999,188.44000,183.89000,185.64000,82488700
2024-01-03,184.22000,185.88000,183.42999,184.25000,58414500
2024-01-04,182.14999,183.09000,180.88000,181.91000,71983600
2024-01-05,181.99001,182.75999,180.17000,181.17999,62303300
2024-01-08,182.09000,185.60001,181.50000,185.56000,59144500
2024-01-09,183.92000,185.14999,182.73000,185.14000,42841800
2024-01-10,184.35001,186.39999,183.92000,186.19000,46792900
2024-01-11,186.53999,187.05000,183.62000,185.59000,49128400
2024-01-12,186.06000,186.74001,185.19000,185.92000,40444700
2024-01-16,182.16000,184.25999,180.92999,183.63000,65603000
2024-01-17,181.27000,182.92999,180.30000,182.67999,47317400
2024-01-18,186.09000,189.14000,185.83000,188.63000,78005800
2024-01-19,189.33000,191.95000,188.82001,191.56000,68741000
2024-01-22,192.30000,195.33000,192.25999,193.89000,60133900
2024-01-23,195.02000,195.75000,193.83000,195.17999,42355600
2024-01-24,195.42000,196.38000,194.34000,194.50000,53631300
2024-01-25,195.22000,196.27000,193.11000,194.17000,54822100
2024-01-26,194.27000,194.75999,191.94000,192.42000,44594000
2024-01-29,192.00999,192.20000,189.58000,191.73000,47145600
2024-01-30,190.94000,191.80000,187.47000,188.03999,55859400
2024-01-31,187.03999,187.10001,184.35001,184.39999,55467800
2024-02-01,183.99001,186.95000,183.82001,186.86000,64885400
2024-02-02,179.86000,187.33000,179.25000,185.85001,102518000
2024-02-05,188.14999,189.25000,185.84000,187.67999,69668800
2024-02-06,186.86000,189.31000,186.77000,189.30000,43490800
2024-02-07,190.64000,191.05000,188.61000,189.41000,53439000
2024-02-08,189.39000,189.53999,187.35001,188.32001,40962000
2024-02-09,188.64999,189.99001,188.00000,188.85001,45155200
2024-02-12,188.42000,188.67000,186.78999,187.14999,41781900
2024-02-13,185.77000,186.21001,183.50999,185.03999,56529500
2024-02-14,185.32001,185.53000,182.44000,184.14999,54630500
2024-02-15,183.55000,184.49001,181.35001,183.86000,65434500
2024-02-16,183.42000,184.85001,181.67000,182.31000,49701400
2024-02-20,181.78999,182.42999,180.00000,181.56000,53665600
2024-02-21,181.94000,182.89000,180.66000,182.32001,41529700
2024-02-22,183.48000,184.96001,182.46001,184.37000,52292200
2024-02-23,185.00999,185.03999,182.23000,182.52000,45119700
2024-02-26,182.24001,182.75999,180.64999,181.16000,40867400
2024-02-27,181.10001,183.92000,179.56000,182.63000,54318900
2024-02-28,182.50999,183.12000,180.13000,181.42000,48953900
2024-02-29,181.27000,182.57001,179.53000,180.75000,136682600
2024-03-01,179.55000,180.53000,177.38000,179.66000,73488000
2024-03-04,176.14999,176.89999,173.78999,175.10001,81510100
2024-03-05,170.75999,172.03999,169.62000,170.12000,95132400
2024-03-06,171.06000,171.24001,168.67999,169.12000,68587700
2024-03-07,169.14999,170.73000,168.49001,169.00000,71765100
2024-03-08,169.00000,173.70000,168.94000,170.73000,76114600
2024-03-11,172.94000,174.38000,172.05000,172.75000,60139500
2024-03-12,173.14999,174.03000,171.00999,173.23000,59825400
2024-03-13,172.77000,173.19000,170.75999,171.13000,52488700
2024-03-14,172.91000,174.31000,172.05000,173.00000,72913500
2024-03-15,171.17000,172.62000,170.28999,172.62000,121664700
2024-03-18,175.57001,177.71001,173.52000,173.72000,75604200
2024-03-19,174.34000,176.61000,173.03000,176.08000,55215200
2024-03-20,175.72000,178.67000,175.09000,178.67000,53423100
2024-03-21,177.05000,177.49001,170.84000,171.37000,106181300
2024-03-22,171.75999,173.05000,170.06000,172.28000,71106600
2024-03-25,170.57001,171.94000,169.45000,170.85001,54288300
2024-03-26,170.00000,171.42000,169.58000,169.71001,57388400
2024-03-27,170.41000,173.60001,170.11000,173.31000,60273300
2024-03-28,171.75000,172.23000,170.50999,171.48000,65672700
2024-04-01,171.19000,171.25000,169.48000,170.03000,46240500
2024-04-02,169.08000,169.34000,168.23000,168.84000,49329500
2024-04-03,168.78999,170.67999,168.58000,169.64999,47691700
2024-04-04,170.28999,171.92000,168.82001,168.82001,53704400
2024-04-05,169.59000,170.39000,168.95000,169.58000,42055200
2024-04-08,169.03000,169.20000,168.24001,168.45000,37425500
2024-04-09,168.70000,170.08000,168.35001,169.67000,42451200
2024-04-10,168.80000,169.09000,167.11000,167.78000,49709300
2024-04-11,168.34000,175.46001,168.16000,175.03999,91070300
2024-04-12,174.25999,178.36000,174.21001,176.55000,101593300
2024-04-15,175.36000,176.63000,172.50000,172.69000,73531800
2024-04-16,171.75000,173.75999,168.27000,169.38000,73711200
2024-04-17,169.61000,170.64999,168.00000,168.00000,50901200
2024-04-18,168.03000,168.64000,166.55000,167.03999,43122900
2024-04-19,166.21001,166.39999,164.08000,165.00000,67772100
2024-04-22,165.52000,167.25999,164.77000,165.84000,48116400
2024-04-23,165.35001,167.05000,164.92000,166.89999,49537800
2024-04-24,166.53999,169.30000,166.21001,169.02000,48251800
2024-04-25,169.53000,170.61000,168.14999,169.89000,50558300
2024-04-26,169.88000,171.34000,169.17999,169.30000,44838400
2024-04-29,173.37000,176.03000,173.10001,173.50000,68169400
2024-04-30,173.33000,174.99001,170.00000,170.33000,65934800
2024-05-01,169.58000,172.71001,169.11000,169.30000,50383100
2024-05-02,172.50999,173.42000,170.89000,173.03000,94214900
2024-05-03,186.64999,187.00000,182.66000,183.38000,163224100
2024-05-06,182.35001,184.20000,180.42000,181.71001,78569700
2024-05-07,183.45000,184.89999,181.32001,182.39999,77305800
2024-05-08,182.85001,183.07001,181.45000,182.74001,45057100
2024-05-09,182.56000,184.66000,182.11000,184.57001,48983000
2024-05-10,184.89999,185.09000,182.13000,183.05000,50759500
2024-05-13,185.44000,187.10001,184.62000,186.28000,72044800
2024-05-14,187.50999,188.30000,186.28999,187.42999,52393600
2024-05-15,187.91000,190.64999,187.37000,189.72000,70400000
2024-05-16,190.47000,191.10001,189.66000,189.84000,52845200
2024-05-17,189.50999,190.81000,189.17999,189.87000,41282900
2024-05-20,189.33000,191.92000,189.00999,191.03999,44361300
2024-05-21,191.09000,192.73000,190.92000,192.35001,42309400
2024-05-22,192.27000,192.82001,190.27000,190.89999,34648500
2024-05-23,190.98000,191.00000,186.63000,186.88000,51005900
2024-05-24,188.82001,190.58000,188.03999,189.98000,36294600
2024-05-28,191.50999,193.00000,189.10001,189.99001,52280100
2024-05-29,189.61000,192.25000,189.50999,190.28999,53068000
2024-05-30,190.75999,192.17999,190.63000,191.28999,49947900
2024-05-31,191.44000,192.57001,189.91000,192.25000,75158300
2024-06-03,192.89999,194.99001,192.52000,194.03000,50080500
2024-06-04,194.64000,195.32001,193.03000,194.35001,47471400
2024-06-05,195.39999,196.89999,194.87000,195.87000,54156800
2024-06-06,195.69000,196.50000,194.17000,194.48000,41181800
2024-06-07,194.64999,196.94000,194.14000,196.89000,53103900
2024-06-10,196.89999,197.30000,192.14999,193.12000,97262100
2024-06-11,193.64999,207.16000,193.63000,207.14999,172373300
2024-06-12,207.37000,220.20000,206.89999,213.07001,198134300
2024-06-13,214.74001,216.75000,211.60001,214.24001,97862700
2024-06-14,213.85001,215.17000,211.30000,212.49001,70122700
2024-06-17,213.37000,218.95000,212.72000,216.67000,93728300
2024-06-18,217.59000,218.63000,213.00000,214.28999,79943300
2024-06-20,213.92999,214.24001,208.85001,209.67999,86172500
2024-06-21,210.39000,211.89000,207.11000,207.49001,246421400
2024-06-24,207.72000,212.70000,206.59000,208.14000,80727000
2024-06-25,209.14999,211.38000,208.61000,209.07001,56713900
2024-06-26,211.50000,214.86000,210.64000,213.25000,66213200
2024-06-27,214.69000,215.74001,212.35001,214.10001,49772700
2024-06-28,215.77000,216.07001,210.30000,210.62000,82542700
2024-07-01,212.09000,217.50999,211.92000,216.75000,60402900
2024-07-02,216.14999,220.38000,215.10001,220.27000,58046200
2024-07-03,220.00000,221.55000,219.03000,221.55000,37369800
2024-07-05,221.64999,226.45000,221.64999,226.34000,60412400
2024-07-08,227.09000,227.85001,223.25000,227.82001,59085900
2024-07-09,227.92999,229.39999,226.37000,228.67999,48076100
2024-07-10,229.30000,233.08000,229.25000,232.98000,62627700
2024-07-11,231.39000,232.39000,225.77000,227.57001,64710600
2024-07-12,228.92000,232.64000,228.67999,230.53999,53046500
2024-07-15,236.48000,237.23000,233.09000,234.39999,62631300
2024-07-16,235.00000,236.27000,232.33000,234.82001,43234300
2024-07-17,229.45000,231.46001,226.64000,228.88000,57345900
2024-07-18,230.28000,230.44000,222.27000,224.17999,66034600
2024-07-19,224.82001,226.80000,223.28000,224.31000,49151500
2024-07-22,227.00999,227.78000,223.09000,223.96001,48201800
2024-07-23,224.37000,226.94000,222.67999,225.00999,39960300
2024-07-24,224.00000,224.80000,217.13000,218.53999,61777600
2024-07-25,218.92999,220.85001,214.62000,217.49001,51391200
2024-07-26,218.70000,219.49001,216.00999,217.96001,41601300
2024-07-29,216.96001,219.30000,215.75000,218.24001,36311800
2024-07-30,219.19000,220.33000,216.12000,218.80000,41643800
2024-07-31,221.44000,223.82001,220.63000,222.08000,50036300
2024-08-01,224.37000,224.48000,217.02000,218.36000,62501000
2024-08-02,219.14999,225.60001,217.71001,219.86000,105568600
2024-08-05,199.09000,213.50000,196.00000,209.27000,119548600
2024-08-06,205.30000,209.99001,201.07001,207.23000,69660500
2024-08-07,206.89999,213.64000,206.39000,209.82001,63516400
2024-08-08,213.11000,214.20000,208.83000,213.31000,47161100
2024-08-09,212.10001,216.78000,211.97000,216.24001,42201600
2024-08-12,216.07001,219.50999,215.60001,217.53000,38028100
2024-08-13,219.00999,221.89000,219.00999,221.27000,44155300
2024-08-14,220.57001,223.03000,219.70000,221.72000,41960600
2024-08-15,224.60001,225.35001,222.75999,224.72000,46414000
2024-08-16,223.92000,226.83000,223.64999,226.05000,44340200
2024-08-19,225.72000,225.99001,223.03999,225.89000,40687800
2024-08-20,225.77000,227.17000,225.45000,226.50999,30299000
2024-08-21,226.52000,227.98000,225.05000,226.39999,34765500
2024-08-22,227.78999,228.34000,223.89999,224.53000,43695300
2024-08-23,225.66000,228.22000,224.33000,226.84000,38677300
2024-08-26,226.75999,227.28000,223.89000,227.17999,30602200
2024-08-27,226.00000,228.85001,224.89000,228.03000,35934600
2024-08-28,227.92000,229.86000,225.67999,226.49001,38052200
2024-08-29,230.10001,232.92000,228.88000,229.78999,51906300
2024-08-30,230.19000,230.39999,227.48000,229.00000,52990800
2024-09-03,228.55000,229.00000,221.17000,222.77000,50190600
2024-09-04,221.66000,221.78000,217.48000,220.85001,43840200
2024-09-05,221.63000,225.48000,221.52000,222.38000,36615400
2024-09-06,223.95000,225.24001,219.77000,220.82001,48423000
2024-09-09,220.82001,221.27000,216.71001,220.91000,67180000
2024-09-10,218.92000,221.48000,216.73000,220.11000,51591000
2024-09-11,221.46001,223.09000,217.89000,222.66000,44587100
2024-09-12,222.50000,223.55000,219.82001,222.77000,37498200
2024-09-13,223.58000,224.03999,221.91000,222.50000,36766600
2024-09-16,216.53999,217.22000,213.92000,216.32001,59357400
2024-09-17,215.75000,216.89999,214.50000,216.78999,45519300
2024-09-18,217.55000,222.71001,217.53999,220.69000,59894900
2024-09-19,224.99001,229.82001,224.63000,228.87000,66781300
2024-09-20,229.97000,233.09000,227.62000,228.20000,318679900
2024-09-23,227.34000,229.45000,225.81000,226.47000,54146000
2024-09-24,228.64999,229.35001,225.73000,227.37000,43556100
2024-09-25,224.92999,227.28999,224.02000,226.37000,42308700
2024-09-26,227.30000,228.50000,225.41000,227.52000,36636700
2024-09-27,228.46001,229.52000,227.30000,227.78999,34026000
2024-09-30,230.03999,233.00000,229.64999,233.00000,54541900
2024-10-01,229.52000,229.64999,223.74001,226.21001,63285000
2024-10-02,225.14000,226.80499,223.32001,225.67000,34044160
2024-10-03,225.14000,226.81000,223.32001,225.67000,34044200
2024-10-04,227.89999,228.00000,224.13000,226.80000,37245100
2024-10-06,224.50000,225.69000,221.33000,221.69000,39505352
2024-10-07,224.50000,225.69000,221.33000,221.69000,39505400
2024-10-08,224.30000,225.98000,223.25000,225.77000,31855700
2024-10-09,225.23000,229.75000,224.83000,229.53999,33591100
2024-10-10,227.78000,229.50000,227.17000,229.03999,28183500
2024-10-11,229.30000,229.41000,227.34000,227.55000,31759200
2024-10-14,228.70000,231.73000,228.60001,231.30000,39882100
2024-10-15,233.61000,237.49001,232.37000,233.85001,64751400
2024-10-16,231.60001,232.12000,229.84000,231.78000,34082200
2024-10-17,233.42999,233.85001,230.52000,232.14999,32993800
2024-10-18,236.17999,236.17999,234.00999,235.00000,46431500
2024-10-21,234.45000,236.85001,234.45000,236.48000,36254500
2024-10-22,233.89000,236.22000,232.60001,235.86000,38846600
2024-10-23,234.08000,235.14000,227.75999,230.75999,52287000
2024-10-24,229.98000,230.82001,228.41000,230.57001,31109500
2024-10-25,229.74001,233.22000,229.57001,231.41000,38802300
2024-10-28,233.32001,234.73000,232.55000,233.39999,36087100
2024-10-29,233.10001,234.33000,232.32001,233.67000,35417200
2024-10-30,232.61000,233.47000,229.55000,230.10001,47070900
2024-10-31,229.34000,229.83000,225.37000,225.91000,64370100
2024-11-01,220.97000,225.35001,220.27000,222.91000,65276700
2024-11-04,220.99001,222.78999,219.71001,222.00999,44944500
2024-11-05,221.80000,223.95000,221.14000,223.45000,28111300
2024-11-06,222.61000,226.07001,221.19000,222.72000,54561100
2024-11-07,224.63000,227.88000,224.57001,227.48000,42083800

